hmm_state_smoothed,,Approach,Investigation
0,0.9649592909409461,0.006905080902813563,0.02813562815624034
1,0.9964976958525346,0.003502304147465438,0.0
