state,n_frames,fraction_frames,mean_DA,median_DA,distance_head_res__head_int_mean,distance_head_res__hind_int_mean,distance_head_int__hind_res_mean,distance_hind_res__hind_int_mean,velocity_resident_mean,velocity_intruder_mean,manual_mode,manual_count
0,9703,0.6413934426229508,0.045244125774444865,-0.0356985859585351,8.752334376993804,9.248336998965817,9.568625010643688,10.060169147943581,2.243724816841885,3.0999390251317456,,9703
1,5425,0.35860655737704916,0.24616161401883901,0.1729727346373296,23.700479785468026,21.92497290571256,23.829328439364275,22.097841536676295,1.3665587647397945,1.7869261915735877,,5425
