test,statistic,p_value
kruskal,6.098853814000165,0.2967185332209559
