test,statistic,p_value
kruskal,20.564020459054063,0.11333823125046218
