test,statistic,p_value
kruskal,1.6458470101327407,0.6490395676072132
