hmm_state_smoothed,,Approach,Defeat,Investigation
0,0.9951690821256038,0.004830917874396135,0.0,0.0
1,0.9689343295320487,0.0031458906802988595,0.022119543845851356,0.0058002359418010225
