state,n_frames,fraction_frames,mean_DA,median_DA,distance_head_res__head_int_mean,distance_head_res__hind_int_mean,distance_head_int__hind_res_mean,distance_hind_res__hind_int_mean,velocity_resident_mean,velocity_intruder_mean,manual_mode,manual_count
0,4968,0.32813738441215323,-0.11355526443564315,-0.0559439015661623,23.560352345547827,21.89190609298856,21.902696105761823,20.1368445667547,2.301196440107613,3.14307969985809,,4968
1,10172,0.6718626155878468,-0.045542215891250785,-0.015624674474083899,7.744169506632745,8.42307020370337,7.936571709769852,8.102984648786473,2.7468509191050723,3.617943158587019,,10172
